distribution,sse,c,loc,scale
Gumbel_r,5.820410924390901e-05,,101.54197485509745,20.954380388517176
Weibull_min,6.0300086217038746e-05,2.1269009647879473,63.74171929381039,55.86809764716381
Chi2,6.074265362728493e-05,15.583540719771502,43.83171657901081,4.453632851639778
