Year,Precipitation
2017,767.35
2018,519.13
2019,513.64
2020,635.4380135494932
2021,1148.969774505475
2022,1962.1072119450316
2023,1511.2
2024,963.0
2025,490.92
