Year,Precipitation
2017,767.35
2018,519.13
2019,546.1077
2020,616.2814000000001
2021,778.5242000000001
2022,1362.4596999999999
2023,1511.2
2024,963.0
2025,490.92
