Year,Precipitation
2017,84.72
2018,70.28
2019,35.92
2020,38.46010000000001
2021,22.83719999999999
2022,58.25000000000001
2023,55.04
2024,63.79
2025,36.59
