Year,Precipitation
2017,605.2
2018,572.98
2019,78.60000000000001
2020,622.97
2021,712.39
2022,277.87
2023,745.89
2024,1012.95
2025,158.89000000000001
