Year,Max_5min,Min_5min,Max_10min,Min_10min,Max_15min,Min_15min,Max_20min,Min_20min,Max_25min,Min_25min,Max_30min,Min_30min
2015,8.0,0.0,13.200000000000001,0.0,17.000000000000004,0.0,20.199999999999996,0.0,22.0,0.0,22.2,0.0
2016,10.0,0.0,16.0,0.0,19.200000000000003,0.0,23.400000000000002,0.0,28.200000000000003,0.0,31.400000000000006,0.0
2017,5.2,0.0,6.400000000000001,0.0,8.0,0.0,9.8,0.0,11.4,0.0,12.799999999999999,0.0
2018,1.0,0.0,1.8,0.0,2.4000000000000004,0.0,3.000000000000001,0.0,3.4000000000000004,0.0,4.000000000000001,0.0
