distribution,sse,c,loc,scale
Gumbel_r,3.3468523627056556e-05,,73.52394742597313,15.627276187320778
Genlogistic,4.479923488862796e-05,4.1317055281442805,57.003838832494324,13.44790394777911
Chi2,5.4105576028058326e-05,28.190307865089352,14.911197878115932,2.3821382648711085
