distribution,sse,c,loc,scale
Gumbel,0.0003126224747532323,,67.39146669749707,14.012695297026507
Generalized Logistic,0.0003545106268549826,4.839253443513592,49.96499652386744,12.303302725142178
Lognormal,0.00038130377694112303,0.2368792131646805,5.841187703848138,67.42999459875944
GEV,0.0003891535992858295,0.10961974954234946,68.20872656471417,14.369583847977491
Normal,0.0006016817255005523,,75.18528,16.53949271639587
