distribution,sse,c,loc,scale
Gumbel_r,0.00036689720995344594,,62.20750772076652,12.934795658793687
Genlogistic,0.0004160576106843904,4.839253443513592,46.12153525280645,11.35689482321019
Lognorm,0.0004475023493267159,0.2368792131647004,5.391865572787976,62.24307193731116
